{"cameraMode":{"drawMode":0,"name":"Shaded","section":"Shading Mode"},"sceneLighting":false,"audioPlay":false,"sceneViewState":{"m_AlwaysRefresh":false,"showFog":false,"showSkybox":false,"showFlares":false,"showImageEffects":false,"showParticleSystems":false,"showVisualEffectGraphs":true,"m_FxEnabled":true},"in2DMode":false,"pivot":{"x":0.06264528632164002,"y":0.7485861778259277,"z":-0.07379108667373657},"rotation":{"x":-0.003379878820851445,"y":0.9963672161102295,"z":-0.04786224663257599,"w":-0.07036054134368897},"size":1.1915055513381959,"orthographic":true}