{"cameraMode":{"drawMode":0,"name":"Shaded","section":"Shading Mode"},"sceneLighting":false,"audioPlay":false,"sceneViewState":{"m_AlwaysRefresh":false,"showFog":false,"showSkybox":false,"showFlares":false,"showImageEffects":false,"showParticleSystems":false,"showVisualEffectGraphs":true,"m_FxEnabled":true},"in2DMode":false,"pivot":{"x":-0.03366556763648987,"y":0.9112301468849182,"z":0.12080758810043335},"rotation":{"x":0.08456388860940933,"y":0.3373944163322449,"z":-0.03045005165040493,"w":0.9370713233947754},"size":1.0201691389083863,"orthographic":true}