{"cameraMode":{"drawMode":0,"name":"Shaded","section":"Shading Mode"},"sceneLighting":false,"audioPlay":false,"sceneViewState":{"m_AlwaysRefresh":false,"showFog":false,"showSkybox":false,"showFlares":false,"showImageEffects":false,"showParticleSystems":false,"showVisualEffectGraphs":true,"m_FxEnabled":true},"in2DMode":false,"pivot":{"x":1.1920928955078126e-7,"y":0.8698357343673706,"z":0.008967697620391846},"rotation":{"x":-0.003379878820851445,"y":0.9963672161102295,"z":-0.04786224663257599,"w":-0.07036054134368897},"size":1.2088128328323365,"orthographic":true}