{"cameraMode":{"drawMode":0,"name":"Shaded","section":"Shading Mode"},"sceneLighting":true,"audioPlay":false,"sceneViewState":{"m_AlwaysRefresh":false,"showFog":true,"showSkybox":true,"showFlares":true,"showImageEffects":true,"showParticleSystems":true,"showVisualEffectGraphs":true,"m_FxEnabled":true},"in2DMode":false,"pivot":{"x":-19.09047508239746,"y":10.043298721313477,"z":-36.184608459472659},"rotation":{"x":0.17592334747314454,"y":-0.5155308246612549,"z":0.10907327383756638,"w":0.8314933180809021},"size":12.160497665405274,"orthographic":true}