{"cameraMode":{"drawMode":0,"name":"Shaded","section":"Shading Mode"},"sceneLighting":true,"audioPlay":false,"sceneViewState":{"m_AlwaysRefresh":false,"showFog":true,"showSkybox":true,"showFlares":true,"showImageEffects":true,"showParticleSystems":true,"showVisualEffectGraphs":true,"m_FxEnabled":true},"in2DMode":false,"pivot":{"x":-4.886530876159668,"y":20.954313278198243,"z":0.4009838402271271},"rotation":{"x":-0.018377162516117097,"y":-0.6929604411125183,"z":-0.017674395814538003,"w":0.7205268740653992},"size":14.289908409118653,"orthographic":true}