{"cameraMode":{"drawMode":0,"name":"Shaded","section":"Shading Mode"},"sceneLighting":true,"audioPlay":false,"sceneViewState":{"m_AlwaysRefresh":false,"showFog":false,"showSkybox":true,"showFlares":false,"showImageEffects":false,"showParticleSystems":false,"showVisualEffectGraphs":true,"m_FxEnabled":true},"in2DMode":false,"pivot":{"x":-0.8009884357452393,"y":2.3101649284362795,"z":-0.13553929328918458},"rotation":{"x":0.235602468252182,"y":0.07164276391267777,"z":-0.01741822250187397,"w":0.9690491557121277},"size":2.3154311180114748,"orthographic":false}