{"cameraMode":{"drawMode":0,"name":"Shaded","section":"Shading Mode"},"sceneLighting":true,"audioPlay":false,"sceneViewState":{"m_AlwaysRefresh":false,"showFog":false,"showSkybox":true,"showFlares":false,"showImageEffects":false,"showParticleSystems":false,"showVisualEffectGraphs":true,"m_FxEnabled":true},"in2DMode":false,"pivot":{"x":-33.599998474121097,"y":22.999998092651368,"z":107.64990997314453},"rotation":{"x":0.14255452156066895,"y":0.8566262722015381,"z":-0.32979241013526919,"w":0.37028154730796816},"size":37.880367279052737,"orthographic":false}